iteration,coverage,emitter_1_count:,emitter_2_count:,emitter_3_count:,global_hypervolume,hypervolumes,max_hypervolume,max_scores,max_sum_scores,min_scores,moqd_score,normalised_global_hypervolume,normalised_hypervolumes,normalised_max_hypervolume,normalised_moqd_score,num_solutions,removed_count,total_num_solutions,time
10,45.3125,0,5,54,6716.1777,"[     -inf 6037.589       -inf      -inf 5499.8916      -inf 5365.3623
      -inf      -inf 5177.2383      -inf 5283.558       -inf      -inf
 5475.0986      -inf 2912.661  6116.6562      -inf 3088.3987      -inf
      -inf 5271.179       -inf      -inf      -inf      -inf 6527.6875
      -inf 4911.3955      -inf 2686.46   5455.164       -inf      -inf
 6668.4014      -inf 4309.401       -inf 6331.7144      -inf      -inf
      -inf 4575.3047      -inf 5041.0557 6193.375       -inf 5530.26
 5982.5684      -inf      -inf 5195.6035      -inf      -inf      -inf
 2721.0974      -inf      -inf 5464.5703 2787.398  3930.5623      -inf
      -inf 4847.8374      -inf      -inf 3028.2698      -inf 4906.246
      -inf      -inf      -inf      -inf 6238.6064 6485.8486      -inf
      -inf 4977.6772      -inf 5397.7104 5309.1836      -inf      -inf
      -inf      -inf      -inf 5149.1606 5942.041  5011.1445 5588.1636
 4027.4775 3085.5288      -inf      -inf      -inf      -inf 5168.176
      -inf 3802.9612 5266.8154      -inf 5204.6494 5465.5483 3088.8643
      -inf      -inf      -inf      -inf      -inf      -inf      -inf
 6215.2754 2927.2822      -inf 4982.8984 5713.5947      -inf 6546.0894
      -inf 5506.2256      -inf 5488.797  5921.1187 4606.9287 3667.2449
 4947.456       -inf]",6668.4014,[ 2.3847021e+02 -5.1568504e-03],238.33871,[-136.6036      -0.9063331],289054.47,0.1652196,"[      -inf 0.14852618       -inf       -inf 0.1352987        -inf
 0.13198924       -inf       -inf 0.12736134       -inf 0.12997682
       -inf       -inf 0.13468878       -inf 0.07165218 0.15047127
       -inf 0.07597538       -inf       -inf 0.1296723        -inf
       -inf       -inf       -inf 0.16058272       -inf 0.12082154
       -inf 0.06608757 0.1341984        -inf       -inf 0.16404432
       -inf 0.10601234       -inf 0.15576173       -inf       -inf
       -inf 0.11255363       -inf 0.12401122 0.15235855       -inf
 0.13604575 0.14717267       -inf       -inf 0.12781313       -inf
       -inf       -inf 0.06693967       -inf       -inf 0.13442978
 0.06857068 0.0966928        -inf       -inf 0.11925799       -inf
       -inf 0.07449619       -inf 0.12069486       -inf       -inf
       -inf       -inf 0.15347126 0.15955348       -inf       -inf
 0.1224521        -inf 0.132785   0.13060722       -inf       -inf
       -inf       -inf       -inf 0.12667061 0.14617567 0.12327537
 0.1374702  0.09907694 0.07590476       -inf       -inf       -inf
       -inf 0.1271384        -inf 0.09355378 0.12956494       -inf
 0.12803566 0.13445383 0.07598682       -inf       -inf       -inf
       -inf       -inf       -inf       -inf 0.15289731 0.07201187
       -inf 0.12258054 0.14055584       -inf 0.16103542       -inf
 0.1354545        -inf 0.13502575 0.14566097 0.11333159 0.09021512
 0.12170864       -inf]",0.16404432,289054.47,"[ 0 12  0  0 12  0  2  0  0  5  0  8  0  0  7  0  7  6  0  4  0  0  7  0
  0  0  0  1  0  2  0  1  9  0  0  3  0  6  0  9  0  0  0  6  0  3  8  0
 11 12  0  0  4  0  0  0  1  0  0  6  6 13  0  0  6  0  0  7  0  2  0  0
  0  0  6  8  0  0  9  0  8  8  0  0  0  0  0  6 13 10  7  9  2  0  0  0
  0 13  0  7  6  0 11  4  4  0  0  0  0  0  0  0  5  3  0  4  6  0  2  0
  6  0  7  9  2 14  6  0]",-81,381,50.891202211380005
20,60.9375,0,3,46,8469.387,"[3253.5315 6037.5947      -inf      -inf 6944.5522      -inf 5551.529
      -inf 5385.0283 5411.9355      -inf 5531.3613      -inf      -inf
 5556.581       -inf 3673.3909 6385.5605 4835.8506 5576.5386      -inf
      -inf 6592.3564 2417.9236      -inf      -inf 2311.4053 7166.4204
      -inf 4923.2363 5060.1543 6827.87   6466.624       -inf 2430.283
 7954.7637      -inf 4612.241  4706.9463 6334.242       -inf      -inf
      -inf 5995.78        -inf 5336.471  6565.8823 5487.6113 5910.9487
 6057.3765      -inf      -inf 5902.7544      -inf      -inf 3277.401
 2737.3838      -inf 3179.666  5842.5083 2787.6182 5056.88        -inf
      -inf 6217.8867      -inf      -inf 5454.956       -inf 5582.998
      -inf 2310.6846 5467.608       -inf 6407.0674 6487.078       -inf
      -inf 5169.3022      -inf 5642.3267 5928.412  2155.6294      -inf
      -inf      -inf      -inf 5301.3857 6148.903  5611.139  5593.0938
 5635.8657 4860.769  4291.4946      -inf      -inf      -inf 5811.803
      -inf 4395.365  5267.6733 5394.5957 5569.172  8375.486  5517.134
 2313.1394 2493.9634 5116.4653      -inf      -inf      -inf      -inf
 6289.118  5467.3857      -inf 5705.583  5825.453  1350.1796 7738.7026
      -inf 6448.5166      -inf 5588.417  6020.0664 4906.8403 3667.623
 5037.892       -inf]",8375.486,[ 3.5709793e+02 -4.7627185e-03],356.69186,[-144.04211     -1.1719329],404653.38,0.20834902,"[0.08003768 0.14852631       -inf       -inf 0.17083769       -inf
 0.13656898       -inf 0.13247305 0.13313495       -inf 0.13607286
       -inf       -inf 0.13669327       -inf 0.09036632 0.15708637
 0.11896313 0.13718423       -inf       -inf 0.1621736  0.05948152
       -inf       -inf 0.05686114 0.1762957        -inf 0.12111284
 0.12448105 0.1679673  0.15908055       -inf 0.05978556 0.19568916
       -inf 0.11346227 0.11579205 0.15582392       -inf       -inf
       -inf 0.14749767       -inf 0.13127851 0.16152233 0.1349966
 0.14541079 0.14901295       -inf       -inf 0.14520922       -inf
       -inf 0.08062488 0.06734031       -inf 0.07822058 0.14372715
 0.0685761  0.12440048       -inf       -inf 0.15296155       -inf
       -inf 0.13419327       -inf 0.13734314       -inf 0.05684341
 0.1345045        -inf 0.15761545 0.15958372       -inf       -inf
 0.1271661        -inf 0.13880262 0.14584038 0.05302902       -inf
       -inf       -inf       -inf 0.13041538 0.15126452 0.1380354
 0.13759148 0.13864368 0.11957611 0.10557183       -inf       -inf
       -inf 0.1429718        -inf 0.10812709 0.12958606 0.13270839
 0.137003   0.20603904 0.13572286 0.0569038  0.06135211 0.12586631
       -inf       -inf       -inf       -inf 0.15471385 0.13449904
       -inf 0.14035876 0.14330758 0.03321475 0.19037399       -inf
 0.15863508       -inf 0.13747643 0.14809513 0.12070948 0.09022443
 0.1239334        -inf]",0.20603904,404653.38,"[ 2 11  0  0  5  0  6  0 10  9  0  7  0  0 12  0  5 13  4  7  0  0  9  3
  0  0  7  4  0  8  7  4 13  0  1  6  0  9  5 12  0  0  0 10  0  6  8  2
 17 12  0  0 17  0  0  5  4  0  3  7  5 16  0  0  8  0  0  7  0  4  0  1
  5  0  7  7  0  0  2  0  9  8  2  0  0  0  0  3 12 12 10 14  5  2  0  0
  0 11  0  9  7  7 16  4 10  1  6  6  0  0  0  0  7  7  0  9  9  1  6  0
  6  0  6 10  1 15 11  0]",-65,574,20.063258171081543
30,65.625,0,2,41,9497.287,"[3253.5315 6597.1787      -inf      -inf 7417.3325      -inf 5559.088
      -inf 6774.2725 5555.6475      -inf 5533.677       -inf      -inf
 5741.2017      -inf 3675.7764 6385.7725 7052.1816 5839.5576      -inf
      -inf 6593.715  2459.2083      -inf      -inf 2354.017  8287.054
      -inf 6142.1978 5070.284  6908.8423 6474.0527      -inf 2431.154
 8517.67        -inf 5618.068  5776.865  6335.837       -inf      -inf
 2843.3223 6582.3467      -inf 5387.9014 6567.374  5490.498  5911.3657
 6092.255       -inf 2460.4792 5909.984       -inf      -inf 5815.4375
 2748.464       -inf 4779.3853 6231.8994 2794.7332 7535.9355      -inf
      -inf 6844.7397      -inf      -inf 5522.1973      -inf 5876.2817
      -inf 2428.2378 5469.008  4981.6675 6411.11   6648.252       -inf
      -inf 6828.4346      -inf 5754.7896 5962.4116 4449.4766 3532.2222
      -inf      -inf      -inf 5315.732  6173.4136 5615.6284 5598.1377
 5636.3125 9345.454  4294.4395      -inf      -inf      -inf 5815.8965
      -inf 4529.927  5520.0586 6139.686  5579.047  8376.097  5536.2964
 2313.1394 6340.6987 5122.1353      -inf 3577.828       -inf 2445.694
 6295.193  6558.8447      -inf 5782.204  6153.876  2488.6968 7739.4263
      -inf 6674.0264      -inf 5777.034  6020.0957 5056.744  3667.856
 5853.653       -inf]",9345.454,[ 4.2792224e+02 -4.7627185e-03],427.3109,[-144.91467    -1.943404],461557.7,0.2336356,"[0.08003768 0.16229221       -inf       -inf 0.18246822       -inf
 0.13675493       -inf 0.16664878 0.1366703        -inf 0.13612981
       -inf       -inf 0.14123496       -inf 0.09042501 0.15709157
 0.17348543 0.14365456       -inf       -inf 0.16220704 0.06049713
       -inf       -inf 0.0579094  0.20386355       -inf 0.15109959
 0.12473026 0.16995922 0.15926328       -inf 0.05980699 0.20953678
       -inf 0.13820587 0.14211231 0.15586315       -inf       -inf
 0.06994643 0.16192734       -inf 0.1325437  0.16155903 0.1350676
 0.14542106 0.14987096       -inf 0.0605284  0.14538705       -inf
       -inf 0.14306119 0.06761289       -inf 0.11757405 0.15330628
 0.06875113 0.18538585       -inf       -inf 0.16838229       -inf
       -inf 0.13584739       -inf 0.14455798       -inf 0.05973525
 0.13453892 0.12255026 0.15771489 0.16354865       -inf       -inf
 0.16798118       -inf 0.14156926 0.1466768  0.10945824 0.08689354
       -inf       -inf       -inf 0.13076833 0.15186751 0.13814585
 0.13771556 0.13865465 0.22990048 0.10564427       -inf       -inf
       -inf 0.14307247       -inf 0.11143731 0.13579483 0.15103778
 0.13724592 0.20605405 0.13619424 0.0569038  0.15598275 0.1260058
       -inf 0.08801544       -inf 0.06016468 0.15486331 0.16134919
       -inf 0.14224367 0.15138686 0.06122256 0.19039181       -inf
 0.16418268       -inf 0.14211647 0.14809585 0.12439716 0.09023016
 0.14400129       -inf]",0.22990048,461557.7,"[ 2  8  0  0  8  0  9  0 11 11  0 10  0  0 13  0  5 13  7  9  0  0 11  3
  0  0  9 10  0 11 11 12 15  0  3  8  0 10  9 14  0  0  2  3  0  5  8  5
 21  8  0  1 19  0  0  3  6  0  6  9  4 16  0  0  6  0  0 10  0  8  0  3
  6  1  9  9  0  0  8  0  9 15  6  2  0  0  0  9 10 16 13  9  8  4  0  0
  0 14  0  4  6 11 10  5 15  1  4  9  0  1  0  1  7 14  0  9 13  4  6  0
  9  0  6 10  6 15 15  0]",-58,704,19.873618602752686
40,67.96875,0,6,35,9498.706,"[3253.553  6598.2017      -inf      -inf 7612.94        -inf 5640.21
      -inf 7393.9966 5555.9014      -inf 5637.2734      -inf      -inf
 5743.1357      -inf 3682.8174 6388.75   7081.522  5839.618       -inf
      -inf 6613.5415 2485.0918      -inf      -inf 2404.199  8289.069
      -inf 6172.8633 5079.0527 7053.1816 6718.7056      -inf 5711.3896
 8528.318       -inf 5626.5864 6003.4517 6338.74        -inf      -inf
 2843.3223 6582.746       -inf 6759.1704 6567.6357 6621.2695 5912.563
 6095.309       -inf 2544.3818 5940.103       -inf      -inf 5815.469
 2756.3042      -inf 4834.8037 6234.2983 2794.7332 7539.877       -inf
      -inf 6850.317       -inf      -inf 5591.548       -inf 5878.4346
 3539.3699 7785.6978 5583.911  4981.6675 6418.5034 6653.06        -inf
      -inf 6946.764  6818.9863 5827.301  6373.509  5662.2246 4551.279
      -inf      -inf      -inf 5315.7656 6176.7236 5749.795  5648.1475
 5666.223  9369.798  5838.389       -inf      -inf      -inf 5818.9814
      -inf 4529.927  5523.9717 6562.204  5675.602  8380.869  5838.227
 5345.116  6975.7783 5153.8926      -inf 3702.4414      -inf 2590.256
 6298.728  6560.987       -inf 5955.668  6325.9717 2536.0234 7772.028
      -inf 6677.5195      -inf 5778.097  6167.1465 5287.222  3667.9165
 5864.9756 2348.191 ]",9369.798,[ 4.2792224e+02 -4.0880693e-03],427.3109,[-144.91467     -2.4701946],497859.25,0.2336705,"[0.0800382  0.1623174        -inf       -inf 0.18728022       -inf
 0.13875055       -inf 0.18189414 0.13667654       -inf 0.13867831
       -inf       -inf 0.14128254       -inf 0.09059823 0.15716483
 0.1742072  0.14365605       -inf       -inf 0.16269475 0.06113388
       -inf       -inf 0.05914389 0.20391315       -inf 0.15185396
 0.12494595 0.17351002 0.16528182       -inf 0.14050159 0.20979872
       -inf 0.13841543 0.1476864  0.15593457       -inf       -inf
 0.06994643 0.16193718       -inf 0.16627726 0.16156544 0.16288488
 0.14545052 0.14994611       -inf 0.06259242 0.14612801       -inf
       -inf 0.14306197 0.06780576       -inf 0.11893736 0.15336528
 0.06875113 0.1854828        -inf       -inf 0.1685195        -inf
       -inf 0.13755345       -inf 0.14461094 0.08706937 0.19153008
 0.13736558 0.12255026 0.15789679 0.16366693       -inf       -inf
 0.1708921  0.16774875 0.14335304 0.15678988 0.13929212 0.11196259
       -inf       -inf       -inf 0.13076913 0.15194891 0.14144638
 0.13894582 0.13939048 0.23049934 0.14362581       -inf       -inf
       -inf 0.14314838       -inf 0.11143731 0.13589107 0.16143185
 0.13962123 0.20617145 0.14362183 0.13149118 0.17160586 0.12678702
       -inf 0.09108097       -inf 0.06372094 0.15495026 0.1614019
       -inf 0.1465109  0.15562047 0.06238681 0.19119382       -inf
 0.16426863       -inf 0.14214262 0.15171333 0.13006696 0.09023165
 0.14427985 0.05776608]",0.23049934,497859.25,"[ 3 13  0  0  8  0 10  0 17 10  0 12  0  0 12  0  6 15 10  9  0  0  7  4
  0  0  9 13  0 14 13 12  8  0  3  8  0 12 12 14  0  0  2  3  0  7 12  6
 24 11  0  4 18  0  0  4  4  0  8 11  4 15  0  0  8  0  0 10  0  9  1  6
  8  1  8 11  0  0  6  1 12 18  6  2  0  0  0  8 11 20 13 10  7  6  0  0
  0  9  0  4  9 13 13  7 16  8  6 11  0  1  0  2  6 13  0 10 17  5  9  0
 10  0 11 13  1 18 19  1]",-55,801,20.55496644973755
50,69.53125,1,6,27,9941.873,"[4279.0615 6605.065       -inf      -inf 7613.342  1097.3794 5651.24
      -inf 7405.6997 5557.7866      -inf 5826.761       -inf      -inf
 5872.6816      -inf 3682.8892 6649.912  7895.4883 5851.9976      -inf
      -inf 6624.5376 2694.5527      -inf      -inf 5765.7417 8290.624
      -inf 6803.5254 6226.73   7053.2266 6754.836       -inf 5794.1543
 8528.848       -inf 5809.9707 7044.5586 6340.937       -inf      -inf
 2843.3223 6587.987       -inf 6760.9517 6568.3594 6830.1797 5912.5913
 6127.3086      -inf 2722.41   6185.59        -inf      -inf 5815.469
 2765.7217      -inf 4835.0845 6234.7334 2794.7434 8166.378       -inf
      -inf 6851.9766      -inf      -inf 5875.978       -inf 5878.8955
 3550.635  9293.029  5589.3633 5022.1084 6631.589  6701.0913      -inf
      -inf 7115.481  6818.9863 5902.937  7245.428  6089.33   4804.556
 2568.2173      -inf      -inf 5840.857  6180.411  6164.4053 5928.206
 5675.0425 9399.217  6591.5527      -inf      -inf      -inf 6125.8105
      -inf 4529.9883 5880.36   8204.1    6845.4697 8392.598  5839.074
 5370.1094 7001.806  5165.301       -inf 3709.7937      -inf 2906.087
 6365.287  6684.2573      -inf 5955.7104 6326.703  2545.0986 7772.045
      -inf 6677.7544      -inf 5804.6123 6167.17   5320.2197 7071.617
 5876.844  2511.4702]",9399.217,[ 4.6335126e+02 -4.0880693e-03],460.8426,[-144.91467     -2.5086803],525640.94,0.24457252,"[0.10526597 0.16248621       -inf       -inf 0.18729009 0.0269958
 0.13902189       -inf 0.18218204 0.13672294       -inf 0.14333975
       -inf       -inf 0.14446941       -inf 0.09059999 0.16358948
 0.19423096 0.1439606        -inf       -inf 0.16296527 0.06628666
       -inf       -inf 0.14183867 0.20395142       -inf 0.1673684
 0.15317911 0.17351112 0.16617063       -inf 0.14253762 0.20981175
       -inf 0.1429267  0.17329791 0.15598862       -inf       -inf
 0.06994643 0.16206612       -inf 0.16632108 0.16158324 0.1680241
 0.14545122 0.15073332       -inf 0.06697194 0.15216705       -inf
       -inf 0.14306197 0.06803744       -inf 0.11894427 0.15337598
 0.06875138 0.20089489       -inf       -inf 0.16856033       -inf
       -inf 0.1445505        -inf 0.14462227 0.0873465  0.22861078
 0.1374997  0.12354512 0.16313875 0.1648485        -inf       -inf
 0.17504257 0.16774875 0.1452137  0.17823933 0.14979903 0.11819327
 0.06317878       -inf       -inf 0.1436865  0.15203965 0.1516459
 0.14583534 0.13960744 0.23122305 0.16215383       -inf       -inf
       -inf 0.15069646       -inf 0.11143883 0.14465833 0.2018229
 0.16840024 0.20645997 0.14364266 0.13210604 0.17224616 0.12706769
       -inf 0.09126183       -inf 0.07149046 0.15658763 0.16443437
       -inf 0.14651194 0.15563846 0.06261005 0.19119424       -inf
 0.16427441       -inf 0.1427949  0.15171391 0.13087873 0.17396355
 0.14457181 0.06178278]",0.23122305,525640.94,"[ 6 14  0  0 11  1 11  0 21 12  0 16  0  0 15  0  8 15 14 10  0  0  6 11
  0  0 11 17  0 19 16 14  7  0  4 10  0 14 14 15  0  0  2  6  0  8 11  7
 26 13  0  5 19  0  0  4  6  0  8 11  6 13  0  0  8  0  0 11  0 10  2  8
 12  1  9 12  0  0  6  1 11 11  7  1  1  0  0  8 16 19 17  6 10  9  0  0
  0 11  0  5 18 10 16  6 18  7  8 15  0  2  0  5  8 12  0 11 19  7 10  0
  9  0 16 14  3 20 15  1]",-54,919,20.02120018005371
60,71.875,0,0,33,9988.464,"[4279.0615 6605.8086      -inf      -inf 7615.5356 3507.449  5655.355
      -inf 7721.3555 5696.078       -inf 5925.7773      -inf      -inf
 5873.112       -inf 3682.905  6652.102  7910.519  5855.031       -inf
      -inf 6624.784  2695.227       -inf      -inf 5768.091  8294.353
      -inf 6805.8545 6227.52   7074.4834 6911.3096 1679.5555 6559.324
 8529.7295      -inf 5811.251  7050.9443 6341.6973      -inf      -inf
 2843.3223 6588.6626      -inf 6763.04   6568.4404 7886.622  5922.457
 6229.3115      -inf 2777.2935 6186.4263      -inf      -inf 5815.5127
 2765.7346      -inf 4930.7554 6676.6875 2794.7434 8166.3794      -inf
      -inf 6991.1855      -inf      -inf 6787.301       -inf 6066.6055
 3551.6575 9310.219  5590.161  5030.362  7171.5366 7553.866       -inf
 1845.3806 7190.5776 6961.2153 5903.7695 7591.7607 6209.3584 4804.556
 2570.9507 2549.3843      -inf 5846.8223 6181.899  6165.207  6114.5967
 6862.7944 9753.721  6593.3506      -inf      -inf      -inf 6649.1724
      -inf 4530.2764 6053.7866 8204.198  6871.8013 8402.557  6503.4854
 5418.6475 7310.2363 5168.919       -inf 5493.74        -inf 6428.368
 6400.121  6685.2344      -inf 5955.7104 6326.716  2767.3252 7772.2007
      -inf 6686.025       -inf 5808.709  6167.748  5545.262  7072.0063
 5882.753  2526.4941]",9753.721,[ 4.6335126e+02 -4.0880693e-03],460.8426,[-154.28189     -2.5086803],550099.4,0.24571869,"[0.10526597 0.16250451       -inf       -inf 0.18734407 0.08628411
 0.13912314       -inf 0.18994725 0.14012492       -inf 0.14577559
       -inf       -inf 0.14448          -inf 0.09060038 0.16364336
 0.1946007  0.14403519       -inf       -inf 0.16297135 0.06630325
       -inf       -inf 0.14189647 0.20404312       -inf 0.16742569
 0.15319856 0.17403403 0.17001991 0.04131748 0.161361   0.20983344
       -inf 0.14295821 0.17345499 0.1560073        -inf       -inf
 0.06994643 0.16208272       -inf 0.16637245 0.16158524 0.19401285
 0.1456939  0.1532426        -inf 0.06832211 0.1521876        -inf
       -inf 0.14306304 0.06803776       -inf 0.12129781 0.16424817
 0.06875138 0.20089495       -inf       -inf 0.1719849        -inf
       -inf 0.16696928       -inf 0.14923999 0.08737165 0.22903368
 0.13751933 0.12374815 0.17642157 0.18582699       -inf 0.04539682
 0.17688999 0.17124762 0.1452342  0.18675919 0.15275176 0.11819327
 0.06324602 0.06271549       -inf 0.14383326 0.15207624 0.15166561
 0.15042059 0.16882643 0.23994395 0.16219805       -inf       -inf
       -inf 0.16357128       -inf 0.11144591 0.14892465 0.2018253
 0.169048   0.20670496 0.15998733 0.13330007 0.1798336  0.12715667
       -inf 0.13514736       -inf 0.15813944 0.15744454 0.16445842
       -inf 0.14651194 0.15563874 0.06807688 0.19119807       -inf
 0.16447784       -inf 0.14289567 0.15172812 0.13641481 0.17397311
 0.14471717 0.06215238]",0.23994395,550099.4,"[ 7 18  0  0 10  1 16  0 19 10  0 17  0  0 17  0 11 18 14 11  0  0  7 15
  0  0  9 16  0 21 17 16  7  5  4 10  0 16 14 15  0  0  2  6  0 10 11 14
 27 17  0  7 20  0  0  3  5  0 10 11  6 14  0  0  8  0  0  6  0  5  4 13
 13  3  9 10  0  2 10  1 14  9  8  1  2  1  0 10 12 18 16 10 12 12  0  0
  0 13  0  6 16 11 11  7 21 10 12 18  0  4  0  8 11 11  0 11 20 11 12  0
  7  0 20 19  4 21 17  2]",-38,1016,21.153599977493286
70,74.21875,0,2,39,10472.433,"[4295.6377 6610.832       -inf      -inf 7626.9077 3531.5579 5655.4316
      -inf 7725.106  5696.078  3176.073  5925.868       -inf 5489.2393
 5937.7744      -inf 3682.9053 6653.6553 8357.607  5855.8022      -inf
      -inf 6658.5776 6735.053       -inf      -inf 5769.7915 8296.139
      -inf 7170.9683 6352.0005 7229.157  7685.5107 1682.0355 7361.839
 8584.037  2883.017  5811.282  7058.858  6523.2793      -inf      -inf
 2843.3223 6594.885       -inf 6763.337  6570.3374 9820.184  6021.9116
 6431.242       -inf 2864.2966 6186.5977      -inf      -inf 5815.5127
 2774.8796      -inf 4930.878  6677.821  2794.7444 8166.3936      -inf
      -inf 7025.017       -inf      -inf 6792.666       -inf 6067.628
 3551.9553 9324.075  5603.411  5314.6123 7171.6416 7553.872       -inf
 1846.7404 7190.6006 7265.6514 5905.602  7591.9033 6218.752  5647.145
 2587.939  2549.3843      -inf 5847.0703 6229.8135 6166.343  6115.8438
 6862.916  9753.721  6593.3506      -inf      -inf      -inf 6650.7856
      -inf 4530.7686 6054.102  8206.404  6876.092  8402.557  6506.0166
 5467.04   7311.7305 5172.707       -inf 5570.517       -inf 6432.6255
 6400.353  7197.6597      -inf 6021.118  6327.0596 2767.3252 7821.7617
      -inf 6687.75        -inf 5808.719  6167.7505 5594.465  7095.869
 5890.8916 2527.9778]",9820.184,[ 5.0283612e+02 -4.0880693e-03],500.08643,[-157.03265     -2.9350717],573546.1,0.25762442,"[0.10567375 0.16262808       -inf       -inf 0.18762383 0.0868772
 0.13912502       -inf 0.19003952 0.14012492 0.07813218 0.14577782
       -inf 0.13503663 0.1460707        -inf 0.09060039 0.16368157
 0.2055992  0.14405419       -inf       -inf 0.16380267 0.16568397
       -inf       -inf 0.14193828 0.20408705       -inf 0.17640759
 0.15626079 0.17783907 0.18906546 0.04137849 0.18110305 0.2111694
 0.07092293 0.14295897 0.17364965 0.16047427       -inf       -inf
 0.06994643 0.1622358        -inf 0.16637975 0.16163193 0.24157894
 0.1481405  0.15821016       -inf 0.07046241 0.15219183       -inf
       -inf 0.14306304 0.06826273       -inf 0.12130079 0.16427605
 0.0687514  0.20089528       -inf       -inf 0.17281717       -inf
       -inf 0.16710126       -inf 0.14926514 0.08737899 0.22937454
 0.13784531 0.13074078 0.17642416 0.1858271        -inf 0.04543027
 0.17689055 0.1787368  0.14527926 0.18676268 0.15298283 0.13892116
 0.06366394 0.06271549       -inf 0.14383936 0.15325494 0.15169355
 0.15045127 0.16882941 0.23994395 0.16219805       -inf       -inf
       -inf 0.16361097       -inf 0.11145802 0.1489324  0.20187956
 0.16915356 0.20670496 0.16004962 0.13449053 0.17987037 0.12724987
       -inf 0.13703609       -inf 0.15824418 0.15745026 0.1770642
       -inf 0.148121   0.15564719 0.06807688 0.19241728       -inf
 0.16452028       -inf 0.1428959  0.15172818 0.13762522 0.17456013
 0.14491738 0.06218888]",0.24157894,573546.1,"[ 4 10  0  0 12  2 16  0 23 10  1 20  0  3 13  0 11 17 15 12  0  0 11 14
  0  0 11 17  0 20 21 15 11  4  6 12  1 17 14 25  0  0  2  8  0 12 11 14
 31 20  0  9 20  0  0  3  7  0 15 11  7 12  0  0  9  0  0  9  0  5  5 14
 15  5 11 11  0  3 11  2 14 11 12  9  5  1  0 13 15 19 18  9 12 12  0  0
  0 15  0  5 16 14 15  7 24  7 14 20  0  3  0  9 14  6  0 15 22 11 13  0
  7  0 21 19  4 21 16  4]",-52,1122,20.047449588775635
80,75.0,0,0,22,10474.783,"[4320.683  6610.8896      -inf      -inf 7853.0107 3531.5579 5657.966
      -inf 7731.754  6157.0054 3184.1475 5930.67        -inf 5498.3228
 6067.1167      -inf 3682.9817 6653.9414 8359.925  5950.9507      -inf
      -inf 6675.4727 6761.8345      -inf      -inf 5772.672  8296.515
      -inf 7171.656  6356.786  7353.366  7692.8994 1693.4236 7364.032
 8584.572  3054.6587 5813.838  7059.943  6524.676       -inf      -inf
 2878.682  6595.0186      -inf 6764.8647 6571.4067 9822.45   6021.932
 6433.137       -inf 2931.1306 6947.6675      -inf      -inf 5815.5186
 2774.8862      -inf 6013.135  6684.51   3096.2107 8166.4053      -inf
      -inf 7028.8955      -inf 3934.0105 6934.4854      -inf 6067.628
 3551.9553 9324.135  5603.47   5314.6123 7172.2256 7553.94        -inf
 1893.7919 7191.9688 7265.6514 5907.021  7597.0625 6224.933  5648.0615
 2588.8013 2828.0334      -inf 5991.659  6229.9507 6488.7676 6147.0615
 6865.5923 9755.727  6607.191       -inf      -inf      -inf 6914.9106
      -inf 5249.868  6054.7705 8206.406  6876.125  8402.557  6507.4355
 5503.9663 7315.176  5172.715       -inf 5573.7056      -inf 6434.843
 6403.8936 7233.4854      -inf 6024.4746 6327.0625 2767.7383 8145.1704
      -inf 6692.6865      -inf 5810.744  6176.9185 5684.543  7228.4053
 6064.5825 2531.6514]",9822.45,[ 5.0283612e+02 -4.0880693e-03],500.08643,[-157.03265     -2.9350717],583904.7,0.25768226,"[0.10628987 0.16262951       -inf       -inf 0.19318599 0.0868772
 0.13918737       -inf 0.19020306 0.15146385 0.07833081 0.14589594
       -inf 0.13526009 0.14925256       -inf 0.09060226 0.1636886
 0.20565619 0.14639486       -inf       -inf 0.16421829 0.1663428
       -inf       -inf 0.14200914 0.20409632       -inf 0.1764245
 0.15637852 0.18089463 0.18924719 0.04165864 0.18115702 0.21118256
 0.07514536 0.14302185 0.17367634 0.16050865       -inf       -inf
 0.07081629 0.16223907       -inf 0.16641733 0.16165824 0.2416347
 0.14814101 0.15825675       -inf 0.07210653 0.17091434       -inf
       -inf 0.14306319 0.06826288       -inf 0.14792462 0.1644406
 0.07616755 0.20089558       -inf       -inf 0.17291255       -inf
 0.09677763 0.17059004       -inf 0.14926514 0.08737899 0.22937602
 0.13784675 0.13074078 0.17643851 0.18582878       -inf 0.04658775
 0.1769242  0.1787368  0.14531419 0.1868896  0.1531349  0.1389437
 0.06368515 0.06957033       -inf 0.1473963  0.15325832 0.15962528
 0.15121923 0.16889524 0.23999327 0.16253853       -inf       -inf
       -inf 0.17010851       -inf 0.12914804 0.14894885 0.2018796
 0.16915438 0.20670496 0.16008452 0.13539892 0.17995512 0.12725005
       -inf 0.13711454       -inf 0.15829872 0.15753734 0.17794552
       -inf 0.14820357 0.15564728 0.06808704 0.2003732        -inf
 0.16464172       -inf 0.14294574 0.1519537  0.13984115 0.17782056
 0.14919022 0.06227925]",0.2416347,583904.7,"[ 5 13  0  0 16  2 18  0 19 12  2 18  0  4 18  0 11 18 17 14  0  0 10 18
  0  0  6 18  0 21 25 15 13  4  6 14  3 18 15 25  0  0  2  7  0 13 10 16
 35 22  0 11 20  0  0  4  8  0 16  8  9 11  0  0 11  0  2 11  0  5  5 15
 16  5 14 13  0  5 13  2 17  9 15 12  7  2  0 16 16 17 15 11 14 11  0  0
  0 23  0  5 15 15 17  7 24 10 17 16  0  4  0 10 11 10  0 12 23 14 15  0
  7  0 19 22  8 22 15  8]",-25,1218,21.43384337425232
90,75.0,0,0,30,10475.707,"[4321.5293 6735.965       -inf      -inf 7855.8604 3531.5579 5735.4346
      -inf 7788.4307 6438.328  3184.1475 5933.2         -inf 5570.923
 6067.547       -inf 3683.8264 6654.0723 8541.752  7921.0166      -inf
      -inf 6858.069  6948.169       -inf      -inf 5775.0947 8308.865
      -inf 7172.6245 6360.02   7362.63   7888.3013 1693.4236 7420.275
 9143.932  3054.6587 5818.4854 7060.04   6525.509       -inf      -inf
 2878.682  6712.1787      -inf 7200.204  6614.755  9833.748  6021.955
 6435.2983      -inf 2931.2126 7025.7114      -inf      -inf 5822.3613
 3060.8271      -inf 6023.495  6687.9478 3117.7173 8338.77        -inf
      -inf 7067.4287      -inf 3934.0105 7013.7417      -inf 6315.4385
 3551.9553 9352.156  5604.877  5447.2466 7172.2256 7558.282       -inf
 1893.7919 7201.738  7307.9497 5907.2734 7761.865  6240.2017 5649.684
 2941.9397 2828.0334      -inf 6041.3755 6229.9507 6490.2236 6147.1606
 6866.876  9756.146  6884.7236      -inf      -inf      -inf 6980.8184
      -inf 5354.409  6400.133  8209.806  6880.31   8407.049  6539.926
 5514.473  7567.412  5494.6787      -inf 5575.55        -inf 6434.843
 6407.749  7235.256       -inf 6043.58   6327.115  3050.56   8147.8154
      -inf 6694.152       -inf 5810.789  6176.9517 5689.3657 7228.449
 6268.1084 2531.6514]",9833.748,[ 5.0283612e+02 -4.0880693e-03],500.08643,[-150.28717     -2.9350717],592195.75,0.25770497,"[0.1063107  0.16570641       -inf       -inf 0.19325611 0.0868772
 0.1410931        -inf 0.19159731 0.15838446 0.07833081 0.14595819
       -inf 0.13704608 0.14926316       -inf 0.09062304 0.16369182
 0.2101292  0.19485897       -inf       -inf 0.16871019 0.17092669
       -inf       -inf 0.14206876 0.20440015       -inf 0.17644833
 0.15645805 0.18112251 0.19405416 0.04165864 0.1825406  0.22494294
 0.07514536 0.14313617 0.17367873 0.16052914       -inf       -inf
 0.07081629 0.16512127       -inf 0.1771268  0.1627246  0.24191263
 0.1481416  0.15830994       -inf 0.07210855 0.17283423       -inf
       -inf 0.14323151 0.0752971        -inf 0.14817947 0.16452517
 0.07669663 0.20513579       -inf       -inf 0.17386048       -inf
 0.09677763 0.17253977       -inf 0.15536132 0.08737899 0.23006536
 0.13788135 0.13400361 0.17643851 0.18593562       -inf 0.04658775
 0.17716452 0.17977737 0.14532037 0.1909438  0.1535105  0.13898362
 0.07237244 0.06957033       -inf 0.14861932 0.15325832 0.15966108
 0.15122166 0.16892684 0.2400036  0.1693659        -inf       -inf
       -inf 0.17172986       -inf 0.13171978 0.15744483 0.20196325
 0.16925734 0.20681547 0.16088378 0.13565738 0.1861602  0.13517044
       -inf 0.1371599        -inf 0.15829872 0.1576322  0.1779891
       -inf 0.14867356 0.15564859 0.07504453 0.20043828       -inf
 0.1646778        -inf 0.14294685 0.15195452 0.1399598  0.17782164
 0.15419704 0.06227925]",0.24191263,592195.75,"[ 6 14  0  0 16  2 20  0 22 11  2 13  0  6 17  0 14 17 18 15  0  0 11 21
  0  0  5 19  0 24 27 17 12  4  9 14  3 15 15 22  0  0  2  6  0 15  8 15
 36 17  0 14 20  0  0  5 11  0 18 10 10 12  0  0  9  0  2 16  0  4  5 13
 19  5 14 10  0  5 14  3 20 13 13 12  2  2  0 20 16 20 18 12 15 11  0  0
  0 27  0  8 16 15 16  8 26 10 14 19  0  6  0 10 13 12  0 10 27 16 16  0
  8  0 22 23  8 23 20  8]",-39,1284,20.960248231887817
100,77.34375,1,0,30,10475.853,"[4321.5293 6815.0415      -inf      -inf 7855.8955 5522.524  6002.5884
      -inf 8294.02   6442.7817 3436.0254 5934.7095      -inf 5571.258
 6068.502       -inf 3684.012  6710.1133 8543.001  7928.2437      -inf
 1375.7872 7570.7764 6949.554       -inf      -inf 5777.503  8309.033
      -inf 7174.532  6360.0684 7373.01   7888.3145 1693.4236 7440.5845
 9143.932  3054.6587 5820.5864 7060.361  6526.2266      -inf      -inf
 2878.682  7336.9126 4811.4043 7247.955  6618.3354 9834.285  6021.994
 6435.412       -inf 3050.0132 7026.948       -inf      -inf 6185.6113
 3077.8032      -inf 6023.508  6688.436  3118.225  8338.77        -inf
      -inf 7074.8066      -inf 3934.0105 7014.4614      -inf 7217.3525
 3553.5264 9356.205  5605.169  5447.2466 7666.2837 7811.3906      -inf
 1893.8335 7202.031  7426.126  5908.581  7810.0234 6241.3755 6086.413
 3000.8237 2832.5974      -inf 6048.7275 6230.506  6490.23   6147.377
 6867.0547 9756.146  6893.7686      -inf      -inf      -inf 6984.0596
      -inf 5355.999  6401.5054 8464.477  6881.2837 8407.55   7482.825
 5732.155  7574.6943 5494.956  3234.144  5577.097       -inf 6474.01
 6407.756  7235.256       -inf 6043.58   6327.1396 3303.4785 8148.0254
      -inf 6694.819       -inf 5810.793  6259.3525 5884.613  7228.712
 6268.6104 2916.22  ]",9834.285,[ 5.0283612e+02 -4.0880693e-03],500.08643,[-150.28717     -3.2574625],611452.06,0.25770855,"[0.1063107  0.16765171       -inf       -inf 0.193257   0.13585545
 0.14766517       -inf 0.20403492 0.15849403 0.08452706 0.1459953
       -inf 0.13705432 0.14928663       -inf 0.09062761 0.16507043
 0.21015996 0.19503675       -inf 0.03384471 0.18624295 0.17096075
       -inf       -inf 0.142128   0.20440428       -inf 0.17649527
 0.15645924 0.18137786 0.19405448 0.04165864 0.1830402  0.22494294
 0.07514536 0.14318785 0.17368661 0.16054678       -inf       -inf
 0.07081629 0.18048987 0.11836173 0.17830148 0.16281271 0.24192584
 0.14814255 0.15831272       -inf 0.07503109 0.17286466       -inf
       -inf 0.15216756 0.07571473       -inf 0.14817977 0.16453719
 0.07670911 0.20513579       -inf       -inf 0.17404199       -inf
 0.09677763 0.17255749       -inf 0.17754866 0.08741762 0.23016497
 0.13788852 0.13400361 0.18859246 0.19216213       -inf 0.04658877
 0.17717174 0.18268453 0.14535254 0.1921285  0.15353937 0.14972726
 0.073821   0.06968259       -inf 0.14880016 0.15327197 0.15966126
 0.15122698 0.16893122 0.2400036  0.16958842       -inf       -inf
       -inf 0.17180958       -inf 0.1317589  0.1574786  0.20822819
 0.16928127 0.20682782 0.18407935 0.14101242 0.18633935 0.13517727
 0.07956074 0.13719796       -inf 0.15926224 0.15763238 0.1779891
       -inf 0.14867356 0.15564919 0.0812664  0.20044345       -inf
 0.16469419       -inf 0.14294694 0.1539816  0.14476293 0.1778281
 0.15420938 0.07173973]",0.24192584,611452.06,"[ 6 17  0  0 16  3 23  0 22 13  3 15  0  6 20  0 14 20 21 19  0  1 10 22
  0  0  6 20  0 28 26 17 13  4 10 14  3 17 16 26  0  0  2  7  2 10  7 16
 39 18  0 12 20  0  0  6  8  0 19 10 14 12  0  0 11  0  2 15  0  4  4 16
 19  5 17 11  0  3 13  5 18 14 14  6  3  2  0 19 18 21 23 14 15 11  0  0
  0 26  0  9 17  9 14  8 11  9 15 20  1  5  0 13 11 12  0 10 29 18 18  0
  9  0 25 25 11 24 24  2]",-39,1331,22.70029044151306
